{
  "hash": "c03e019f",
  "configHash": "1154af99",
  "lockfileHash": "54c875d6",
  "browserHash": "0536cee7",
  "optimized": {
    "@angular/core": {
      "src": "../../../../../../node_modules/@angular/core/fesm2022/core.mjs",
      "file": "@angular_core.js",
      "fileHash": "2c086278",
      "needsInterop": false
    },
    "@angular/platform-browser": {
      "src": "../../../../../../node_modules/@angular/platform-browser/fesm2022/platform-browser.mjs",
      "file": "@angular_platform-browser.js",
      "fileHash": "33a81cf7",
      "needsInterop": false
    },
    "@angular/router": {
      "src": "../../../../../../node_modules/@angular/router/fesm2022/router.mjs",
      "file": "@angular_router.js",
      "fileHash": "74ccb1cd",
      "needsInterop": false
    },
    "@angular/common": {
      "src": "../../../../../../node_modules/@angular/common/fesm2022/common.mjs",
      "file": "@angular_common.js",
      "fileHash": "2f7ea55b",
      "needsInterop": false
    },
    "@angular/common/http": {
      "src": "../../../../../../node_modules/@angular/common/fesm2022/http.mjs",
      "file": "@angular_common_http.js",
      "fileHash": "07188c54",
      "needsInterop": false
    },
    "@angular/forms": {
      "src": "../../../../../../node_modules/@angular/forms/fesm2022/forms.mjs",
      "file": "@angular_forms.js",
      "fileHash": "8caa4ed6",
      "needsInterop": false
    }
  },
  "chunks": {
    "chunk-66SXMSCG": {
      "file": "chunk-66SXMSCG.js"
    },
    "chunk-5OXCLX5D": {
      "file": "chunk-5OXCLX5D.js"
    },
    "chunk-HQY25O2T": {
      "file": "chunk-HQY25O2T.js"
    },
    "chunk-H74R6L4S": {
      "file": "chunk-H74R6L4S.js"
    }
  }
}